<flex-config>
  <window-title>Whirled API Documentation</window-title>
  <main-title>Whirled API Documentation</main-title>
  <footer>Copyright&#160;&#169;&#160;2008 Three Rings Design, Inc.</footer>
  <packages>
    <package>
      <string>com.threerings.flash</string>
      <string>Contains display utilities and random useful bits.</string>
    </package>
    <package>
      <string>com.threerings.util</string>
      <string>Useful collections and utility classes.</string>
    </package>
    <package>
      <string>com.whirled</string>
      <string>Primary classes used for developing avatars, toys and other whirled creations.</string>
    </package>
    <package>
      <string>com.whirled.game</string>
      <string>Used for developing games for whirled.</string>
    </package>
  </packages>
</flex-config>
