<project name="flex-include" default="compile" basedir=".">

  <!-- figure out the absolute path to this build file -->
  <dirname property="etc.dir" file="${ant.file.flex-include}"/>
  <property name="build.root" location="${etc.dir}/.."/>
  <property file="${build.root}/build.properties"/>

  <!-- ensures the Flex SDK path is set and baked into the right config files -->
  <target name="prepare-flex">
    <!-- make sure the build.properties file is properly set up -->
    <taskdef name="checkbuild" classname="com.whirled.tools.ConfigBuildPropsTask">
      <classpath>
        <fileset dir="${build.root}/dist/lib" includes="samskivert.jar"/>
        <fileset dir="${build.root}/dist" includes="whirled-tools.jar"/>
      </classpath>
    </taskdef>
    <checkbuild props="${build.root}/build.properties"/>

    <!-- generate the whirled-config.xml file using the flexsdk.path -->
    <copy tofile="${etc.dir}/whirled-config.xml" file="${etc.dir}/whirled-config.xml.in" 
          overwrite="true">
      <filterset>
        <filter token="flex_path" value="${flex.path}"/>
      </filterset>
    </copy>
  </target>

  <!-- determines whether or not our whirled.swc Flash library is up to date -->
  <target name="checkaslib">
    <uptodate property="aslib_is_up_to_date" targetfile="${deploy.dir}/whirled.swc">
      <srcfiles dir="${projects.dir}/narya/src/as" includes="**/*.as"/>
      <srcfiles dir="${projects.dir}/nenya/src/as/com/threerings/flash" includes="**/*.as"/>
      <srcfiles dir="${projects.dir}/vilya/src/as/com/threerings/parlor" includes="**/*.as"/>
      <srcfiles dir="${asrc.dir}" includes="**/*.as"/>
    </uptodate>
  </target>

</project>
